{"flutter":{"platforms":{"android":{"default":{"projectId":"iot15-46c28","appId":"1:673672806430:android:f71476b191cc46ae02ae0f","fileOutput":"android/app/google-services.json"}},"ios":{"default":{"projectId":"iot15-46c28","appId":"1:673672806430:ios:7ccaf93fc2ae82e902ae0f","uploadDebugSymbols":false,"fileOutput":"ios/Runner/GoogleService-Info.plist"}},"macos":{"default":{"projectId":"iot15-46c28","appId":"1:673672806430:ios:7ccaf93fc2ae82e902ae0f","uploadDebugSymbols":false,"fileOutput":"macos/Runner/GoogleService-Info.plist"}},"dart":{"lib/firebase_options.dart":{"projectId":"iot15-46c28","configurations":{"android":"1:673672806430:android:f71476b191cc46ae02ae0f","ios":"1:673672806430:ios:7ccaf93fc2ae82e902ae0f","macos":"1:673672806430:ios:7ccaf93fc2ae82e902ae0f","web":"1:673672806430:web:06a8f37bdc36c5a602ae0f","windows":"1:673672806430:web:cd6ce16e7c86768902ae0f"}}}}}}